lat,lon
37.0675335,-94.44553483
37.06743917,-94.44553967
37.06734433,-94.445543
37.06725067,-94.44554817
37.067158,-94.445552
37.06706733,-94.44555333
37.06697767,-94.44555617
37.066888,-94.44555583
37.06680033,-94.4455595
37.0667125,-94.44556117
37.06662517,-94.44556517
37.06654167,-94.44556883
37.0664625,-94.44557
37.0663885,-94.44557483
37.06631817,-94.44557617
37.06625283,-94.44557583
37.0661945,-94.44557933
37.06614233,-94.44558617
37.06609783,-94.44560467
37.06606283,-94.44563117
37.06603333,-94.4456605
37.06600517,-94.4456805
37.06597717,-94.4456865
37.06595083,-94.445676
37.06593267,-94.4456545
37.065925,-94.4456305
37.06592633,-94.44559967
37.06593917,-94.44557267
37.06596283,-94.44555317
37.06599533,-94.445547
37.06603433,-94.445556
37.0660785,-94.44557283
37.06612967,-94.44558467
37.06618717,-94.44558567
37.06625033,-94.44558133
37.0663175,-94.44557783
37.06639067,-94.44557683
37.06646933,-94.44557567
37.06655533,-94.44556983
37.066646,-94.44556733
37.0667415,-94.44556517
37.06683967,-94.44556083
37.06693517,-94.44555883
37.0670305,-94.44555367
37.067126,-94.44554783
37.067222,-94.44554267
37.06731967,-94.44554033
37.06742017,-94.44554067
37.0675235,-94.44554
37.067631,-94.44553583
37.06774017,-94.44553283
37.06785117,-94.44552917
37.0679635,-94.44552333
37.0680755,-94.44551667
37.06818617,-94.44551267
37.068297,-94.44550683
37.06840517,-94.44550067
37.06851383,-94.44549383
37.06862,-94.445485
37.06872283,-94.44548017
37.06881983,-94.4454745
37.06890783,-94.44546933
37.0689845,-94.44546633
37.06904833,-94.44546133
37.0690915,-94.44545683
37.06911567,-94.44545317
37.0691245,-94.44545183
37.06912633,-94.4454535
37.069127,-94.44545433
37.06912667,-94.44545483
37.06912633,-94.44545683
37.0691255,-94.445458
37.0691255,-94.44546067
37.06912533,-94.445461
37.069125,-94.44546117
37.06912567,-94.44546033
37.06912817,-94.44546283
37.069133,-94.4454645
37.0691465,-94.4454625
37.069169,-94.44546883
37.06919267,-94.44549133
37.06921083,-94.44553933
37.06922067,-94.44560917
37.06922417,-94.44569583
37.06922717,-94.44579583
37.06922933,-94.44590317
37.0692305,-94.44600633
37.06923183,-94.4461005
37.0692325,-94.44618583
37.069235,-94.446259
37.069236,-94.44631917
37.06923617,-94.44636733
37.06923717,-94.446408
37.0692375,-94.4464475
37.0692335,-94.44648767
37.06921733,-94.4465245
37.06918883,-94.44655167
37.06914683,-94.44656367
37.06909767,-94.44656733
37.06904467,-94.44657483
37.06898367,-94.44657883
37.06891683,-94.44658033
37.06884817,-94.44658617
37.0687785,-94.44659217
37.06870517,-94.44660117
37.06862783,-94.44660783
37.0685455,-94.44660867
37.0684595,-94.44660533
37.068371,-94.446605
37.06828283,-94.44660867
37.06819683,-94.44661033
37.06811617,-94.4466125
37.06803767,-94.44661383
37.06796283,-94.44661667
37.06788983,-94.44661933
37.06781983,-94.446623
37.06775117,-94.44662733
37.06768233,-94.44663333
37.06761233,-94.4466385
37.06754117,-94.44664333
37.06746633,-94.44664333
37.0673895,-94.44664483
37.06731033,-94.446647
37.06722933,-94.446648
37.06714617,-94.44664867
37.06706233,-94.44665317
37.06697683,-94.44665633
37.06689067,-94.44666
37.0668035,-94.44666483
37.0667155,-94.44667
37.06662717,-94.4466745
37.06654133,-94.4466795
37.06645867,-94.44668167
37.0663805,-94.44668433
37.0663085,-94.44668767
37.06624217,-94.446692
37.0661815,-94.44669517
37.06612833,-94.4467055
37.06608467,-94.44672817
37.066054,-94.4467645
37.06604033,-94.44681083
37.06603767,-94.44686533
37.06604117,-94.44692633
37.066047,-94.446992
37.06604817,-94.44706367
37.06605017,-94.44714033
37.06605317,-94.44722083
37.06605133,-94.44730033
37.06605117,-94.44737917
37.06605033,-94.447459
37.06605283,-94.44753783
37.06606183,-94.44761033
37.06607833,-94.44767167
37.0660965,-94.44772083
37.066109,-94.447761
37.06611233,-94.44779633
37.0661065,-94.44782483
37.06609183,-94.44784183
37.066074,-94.4478465
37.06605417,-94.447839
37.06604,-94.44781883
37.066036,-94.4477895
37.06604117,-94.44774967
37.06605133,-94.4477
37.06605683,-94.44764217
37.06605817,-94.44757867
37.06605767,-94.44751
37.066057,-94.44743583
37.0660575,-94.44736
37.06605833,-94.44728483
37.06605883,-94.44721467
37.06606067,-94.4471505
37.06606217,-94.44709783
37.066064,-94.447061
37.0660645,-94.44704117
37.06606433,-94.44703633
37.06606533,-94.44703567
37.066066,-94.447035
37.066066,-94.44703467
37.06606533,-94.447037
37.06606533,-94.447037
37.06606567,-94.44703667
37.066066,-94.44703733
37.06606617,-94.44703817
37.06606667,-94.447039
37.06606733,-94.44703967
37.06606783,-94.44704
37.06606817,-94.4470405
37.066069,-94.44704067
37.06606983,-94.44704067
37.06606983,-94.44704133
37.06606967,-94.44704183
37.066071,-94.44704133
37.06607083,-94.4470415
37.06607033,-94.44704183
37.06607083,-94.447042
37.06607083,-94.44704217
37.06606983,-94.44704267
37.0660695,-94.44704317
37.06606983,-94.44704333
37.0660705,-94.44704333
37.06607017,-94.44704383
37.06607033,-94.44704417
37.0660705,-94.44704433
37.06607,-94.44704483
37.06607,-94.447045
37.06607,-94.44704533
37.06607,-94.44704567
37.0660695,-94.44704617
37.06606967,-94.44704633
37.06606983,-94.4470465
37.06606983,-94.44704667
37.0660695,-94.44704667
37.06606933,-94.44704683
37.066069,-94.44704733
37.06606867,-94.44704733
37.06606917,-94.447047
37.0660695,-94.44704683
37.06607,-94.4470465
37.0660705,-94.44704617
37.0660705,-94.4470425
37.0660695,-94.4470265
37.06606733,-94.44699667
37.06606467,-94.44695483
37.06606283,-94.446905
37.06606383,-94.446853
37.06607183,-94.44680533
37.06608633,-94.44676517
37.0661135,-94.44673417
37.06615233,-94.44671633
37.06619883,-94.44670783
37.06625083,-94.4467015
37.06630683,-94.44669783
37.06636917,-94.4466955
37.06643783,-94.446694
37.06651167,-94.4466915
37.06659067,-94.44668717
37.06667117,-94.44668433
37.066749,-94.44668233
37.06682033,-94.4466785
37.06688017,-94.44667717
37.06692583,-94.44667567
37.0669605,-94.4466875
37.06698483,-94.44670917
37.066996,-94.446743
37.06699967,-94.44679
37.06700017,-94.44685217
37.06699917,-94.44692683
37.06699867,-94.44701167
37.06699683,-94.44710217
37.06699467,-94.44719233
37.066995,-94.44728133
37.066994,-94.4473635
37.06699433,-94.447439
37.06699617,-94.44750633
37.0669965,-94.4475695
37.067003,-94.4476285
37.06701933,-94.44767833
37.06703067,-94.447722
37.06703167,-94.447757
37.067022,-94.44777967
37.06700783,-94.44779067
37.06699067,-94.44779083
37.06697267,-94.44778017
37.06696367,-94.447767
37.06695917,-94.44775183
37.066959,-94.44773583
37.0669645,-94.44771733
37.066978,-94.44768967
37.06699183,-94.44765233
37.0669985,-94.44760283
37.06700083,-94.44754433
37.06699983,-94.4474805
37.066996,-94.44740883
37.066993,-94.44732933
37.06699517,-94.44724283
37.0669965,-94.44715017
37.06699533,-94.44705267
37.06699367,-94.44695867
37.06699183,-94.44688067
37.06699033,-94.44682083
37.06698933,-94.44677633
37.066993,-94.44674
37.06700717,-94.446706
37.0670345,-94.44667533
37.06707767,-94.4466565
37.06713467,-94.44664883
37.06719967,-94.44664567
37.06726883,-94.44664567
37.06733883,-94.44664583
37.06740817,-94.4466445
37.06747567,-94.44664483
37.0675425,-94.4466475
37.06761133,-94.44664683
37.06767983,-94.44664567
37.06774783,-94.4466455
37.06781667,-94.446642
37.06788583,-94.44663717
37.067954,-94.4466325
37.068023,-94.4466305
37.068096,-94.44662917
37.06817367,-94.4466265
37.06825433,-94.44662433
37.06833767,-94.44662333
37.068423,-94.44662067
37.06850917,-94.44661967
37.06859467,-94.44661783
37.06867733,-94.446612
37.06875817,-94.446602
37.0688355,-94.44659317
37.0689105,-94.446587
37.06897867,-94.44657883
37.06903733,-94.44656817
37.0690855,-94.44656083
37.069121,-94.44655567
37.06914183,-94.446553
37.06916033,-94.44655283
37.069182,-94.446562
37.06920283,-94.44658733
37.06922083,-94.44663583
37.06923017,-94.446704
37.0692345,-94.446792
37.0692385,-94.4468925
37.06924017,-94.4470055
37.0692395,-94.44712883
37.06924,-94.4472615
37.06923867,-94.447401
37.06923817,-94.4475475
37.06923883,-94.447699
37.0692385,-94.4478545
37.0692395,-94.44801367
37.06924133,-94.44817633
37.0692435,-94.44834183
37.0692475,-94.44850517
37.06925217,-94.4486685
37.06925483,-94.4488335
37.069255,-94.44900233
37.06925733,-94.44917633
37.06926067,-94.44935167
37.06926083,-94.44952867
37.06926167,-94.44970867
37.069263,-94.4498915
37.069263,-94.45007683
37.069265,-94.45026367
37.06926483,-94.45045017
37.06926817,-94.45063583
37.0692695,-94.45081933
37.06927333,-94.45100267
37.06927717,-94.45118533
37.0692795,-94.45136717
37.06927917,-94.45154783
37.0692775,-94.45173017
37.06927467,-94.45191667
37.06927467,-94.45210767
37.06927417,-94.45230467
37.06927383,-94.45250633
37.06927517,-94.4527125
37.069276,-94.45292083
37.06927617,-94.45313017
37.06927667,-94.4533385
37.06927733,-94.45354417
37.06927783,-94.453747
37.069279,-94.45394883
37.06928133,-94.4541495
37.06928283,-94.454349
37.06928717,-94.45454683
37.06928933,-94.45474417
37.06929083,-94.4549405
37.069291,-94.4551365
37.06929317,-94.45533233
37.069295,-94.45552733
37.06929733,-94.45572233
37.06930067,-94.45591667
37.069303,-94.45610767
37.06930333,-94.456291
37.069304,-94.45646717
37.06930417,-94.456639
37.06930483,-94.45680783
37.06930717,-94.45697467
37.0693095,-94.45713867
37.06931333,-94.45729883
37.069313,-94.45745467
37.06931367,-94.457613
37.06931433,-94.457775
37.06931667,-94.4579385
37.06931867,-94.45810217
37.06932,-94.4582635
37.06932083,-94.4584205
37.069324,-94.45857383
37.06932683,-94.45872217
37.069329,-94.45886017
37.06933117,-94.458982
37.06933267,-94.45908533
37.069334,-94.45917317
37.0693355,-94.459246
37.06933983,-94.45931183
37.069349,-94.45937867
37.06937033,-94.45944717
37.06939817,-94.45951317
37.06941883,-94.45957783
37.069423,-94.45964217
37.06941133,-94.45970633
37.06939017,-94.45977367
37.0693745,-94.45984417
37.06936467,-94.45991433
37.06935233,-94.459978
37.069332,-94.46003233
37.069305,-94.46007583
37.069274,-94.46011383
37.06924233,-94.460146
37.06920867,-94.46017233
37.069174,-94.46019417
37.06913817,-94.46020467
37.0691085,-94.46021133
37.0690865,-94.4602075
37.06907667,-94.4602075
37.069074,-94.46020617
37.069073,-94.46020417
37.0690715,-94.46020167
37.0690715,-94.46020167
37.0690715,-94.46020167
37.06907517,-94.460208
37.06907433,-94.4602065
37.06907383,-94.46020617
37.06907483,-94.4602105
37.06907483,-94.460211
37.06907517,-94.46021283
37.0690745,-94.46021467
